ServerTime,LocalTime,BrokerTZOffset,EventType,Ticket,Symbol,TradeType,Lots,OpenPrice,StopLoss,TakeProfit,ProfitLoss,Notes
2026.04.01 20:23:58,2026.04.02 01:23:58,2,CLOSE,270043545,EURGBP,SELL,0.01,0.86583,1.06583,0.87071,-6.64,ClosePrice=0.87071 | SHADOW
2026.04.01 20:23:58,2026.04.02 01:23:58,2,CLOSE,270578588,EURGBP,SELL,0.02,0.86809,1.06583,0.87071,-7.19,ClosePrice=0.87071 | SHADOW #1
2026.04.01 20:23:58,2026.04.02 01:23:58,2,CLOSE,272838657,EURGBP,SELL,0.03,0.87026,1.06583,0.87071,-1.97,ClosePrice=0.87071 | SHADOW #2
2026.04.01 20:23:58,2026.04.02 01:23:58,2,CLOSE,272881839,EURGBP,SELL,0.04,0.87388,1.06583,0.87071,16.39,ClosePrice=0.87071 | SHADOW #3
2026.04.01 21:30:04,2026.04.02 02:30:04,2,OPEN,274180965,GBPAUD,SELL,0.01,1.92313,0.00000,0.00000,0.00,SHADOW
2026.04.01 21:30:04,2026.04.02 02:30:05,2,MODIFY,274180965,GBPAUD,SELL,0.01,1.92313,2.12313,1.92213,0.00,Changes: SL:0.00000->2.12313 TP:0.00000->1.92213
2026.04.01 21:30:10,2026.04.02 02:30:10,2,OPEN,274181000,NZDCAD,BUY,0.01,0.79808,0.00000,0.00000,0.00,SHADOW
2026.04.01 21:30:10,2026.04.02 02:30:11,2,MODIFY,274181000,NZDCAD,BUY,0.01,0.79808,0.59808,0.79907,0.00,Changes: SL:0.00000->0.59808 TP:0.00000->0.79907
2026.04.01 22:04:08,2026.04.02 03:04:09,2,CLOSE,274180965,GBPAUD,SELL,0.01,1.92313,2.12313,1.92213,0.62,ClosePrice=1.92213 | SHADOW
2026.04.01 22:30:30,2026.04.02 03:30:30,2,OPEN,274227762,EURCAD,BUY,0.01,1.60743,0.00000,0.00000,0.00,SHADOW
2026.04.01 22:30:30,2026.04.02 03:30:30,2,MODIFY,274227762,EURCAD,BUY,0.01,1.60743,1.40743,1.60842,0.00,Changes: SL:0.00000->1.40743 TP:0.00000->1.60842
2026.04.01 23:45:10,2026.04.02 04:45:10,2,OPEN,274265935,USDCAD,BUY,0.02,1.38749,0.00000,0.00000,0.00,SHADOW #1
2026.04.01 23:45:15,2026.04.02 04:45:16,2,MODIFY,273278738,USDCAD,BUY,0.01,1.39070,1.19070,1.38895,0.00,Changes: TP:1.39169->1.38895
2026.04.01 23:45:15,2026.04.02 04:45:16,2,MODIFY,274265935,USDCAD,BUY,0.02,1.38749,1.19070,1.38895,0.00,Changes: SL:0.00000->1.19070 TP:0.00000->1.38895
2026.04.02 00:06:06,2026.04.02 05:06:07,2,MODIFY,274227762,EURCAD,BUY,0.01,1.60743,1.40743,1.60853,0.00,Changes: TP:1.60842->1.60853
2026.04.02 00:06:25,2026.04.02 05:06:26,2,MODIFY,274181000,NZDCAD,BUY,0.01,0.79808,0.59808,0.79909,0.00,Changes: TP:0.79907->0.79909
2026.04.02 02:22:43,2026.04.02 07:22:43,2,CLOSE,274227762,EURCAD,BUY,0.01,1.60743,1.40743,1.60853,0.65,ClosePrice=1.60853 | SHADOW
2026.04.02 04:17:32,2026.04.02 09:17:32,2,CLOSE,273538074,GBPUSD,SELL,0.01,1.32615,1.52615,1.32859,-2.50,ClosePrice=1.32859 | SHADOW
2026.04.02 04:17:32,2026.04.02 09:17:32,2,CLOSE,273770395,GBPUSD,SELL,0.02,1.33037,1.52615,1.32859,3.44,ClosePrice=1.32859 | SHADOW #1
2026.04.02 04:19:40,2026.04.02 09:19:40,2,CLOSE,273278738,USDCAD,BUY,0.01,1.39070,1.19070,1.38895,-1.35,ClosePrice=1.38895 | SHADOW
2026.04.02 04:19:40,2026.04.02 09:19:40,2,CLOSE,274265935,USDCAD,BUY,0.02,1.38749,1.19070,1.38895,1.94,ClosePrice=1.38895 | SHADOW #1
2026.04.02 04:30:00,2026.04.02 09:30:00,2,OPEN,274503541,XAUUSD,BUY,0.01,4697.08000,0.00000,0.00000,0.00,sXAUdow
2026.04.02 04:30:00,2026.04.02 09:30:00,2,OPEN,274503543,AUDCAD,BUY,0.01,0.95828,0.00000,0.00000,0.00,SHADOW
2026.04.02 04:30:01,2026.04.02 09:30:01,2,MODIFY,274503541,XAUUSD,BUY,0.01,4697.08000,4497.08000,4698.05000,0.00,Changes: SL:0.00000->4497.08000 TP:0.00000->4698.05000
2026.04.02 04:30:01,2026.04.02 09:30:01,2,MODIFY,274503543,AUDCAD,BUY,0.01,0.95828,0.75828,0.95927,0.00,Changes: SL:0.00000->0.75828 TP:0.00000->0.95927
2026.04.02 04:30:03,2026.04.02 09:30:03,2,OPEN,274504080,EURCAD,BUY,0.01,1.60654,0.00000,0.00000,0.00,SHADOW
2026.04.02 04:30:03,2026.04.02 09:30:03,2,MODIFY,274504080,EURCAD,BUY,0.01,1.60654,1.40654,1.60753,0.00,Changes: SL:0.00000->1.40654 TP:0.00000->1.60753
2026.04.02 04:30:08,2026.04.02 09:30:08,2,CLOSE,274503541,XAUUSD,BUY,0.01,4697.08000,4497.08000,4698.05000,0.91,ClosePrice=4698.05000 | sXAUdow
2026.04.02 04:30:12,2026.04.02 09:30:12,2,OPEN,274505052,NZDUSD,BUY,0.01,0.57310,0.00000,0.00000,0.00,SHADOW
2026.04.02 04:30:13,2026.04.02 09:30:13,2,MODIFY,274505052,NZDUSD,BUY,0.01,0.57310,0.37310,0.57407,0.00,Changes: SL:0.00000->0.37310 TP:0.00000->0.57407
2026.04.02 04:45:00,2026.04.02 09:45:00,2,OPEN,274553663,GBPUSD,BUY,0.01,1.32538,0.00000,0.00000,0.00,SHADOW
2026.04.02 04:45:01,2026.04.02 09:45:01,2,MODIFY,274553663,GBPUSD,BUY,0.01,1.32538,1.12538,1.32635,0.00,Changes: SL:0.00000->1.12538 TP:0.00000->1.32635
2026.04.02 04:45:12,2026.04.02 09:45:13,2,OPEN,274554058,NZDCAD,BUY,0.02,0.79499,0.00000,0.00000,0.00,SHADOW #1
2026.04.02 04:45:18,2026.04.02 09:45:18,2,MODIFY,274181000,NZDCAD,BUY,0.01,0.79808,0.59808,0.79642,0.00,Changes: TP:0.79909->0.79642
2026.04.02 04:45:18,2026.04.02 09:45:18,2,MODIFY,274554058,NZDCAD,BUY,0.02,0.79499,0.59808,0.79642,0.00,Changes: SL:0.00000->0.59808 TP:0.00000->0.79642
2026.04.02 06:14:58,2026.04.02 11:14:57,2,EA_START,0,,,0.00,0.00000,0.00000,0.00000,0.00,ShadowTradeMonitor started. 6 trade(s) open. BrokerTZ: UTC+2
2026.04.02 06:15:12,2026.04.02 11:15:11,2,OPEN,274717672,USDCAD,SELL,0.01,1.39035,0.00000,0.00000,0.00,SHADOW
2026.04.02 06:15:12,2026.04.02 11:15:11,2,MODIFY,274717672,USDCAD,SELL,0.01,1.39035,1.59035,1.38936,0.00,Changes: SL:0.00000->1.59035 TP:0.00000->1.38936
2026.04.02 07:45:24,2026.04.02 12:45:23,2,OPEN,274792549,NZDUSD,BUY,0.02,0.57078,0.00000,0.00000,0.00,SHADOW #1
2026.04.02 07:45:29,2026.04.02 12:45:28,2,MODIFY,274505052,NZDUSD,BUY,0.01,0.57310,0.37310,0.57192,0.00,Changes: TP:0.57407->0.57192
2026.04.02 07:45:29,2026.04.02 12:45:28,2,MODIFY,274792549,NZDUSD,BUY,0.02,0.57078,0.37310,0.57192,0.00,Changes: SL:0.00000->0.37310 TP:0.00000->0.57192
2026.04.02 08:45:00,2026.04.02 13:44:59,2,OPEN,274857025,XAUUSD,BUY,0.01,4634.22000,0.00000,0.00000,0.00,sXAUdow
2026.04.02 08:45:00,2026.04.02 13:45:00,2,MODIFY,274857025,XAUUSD,BUY,0.01,4634.22000,4434.22000,4635.19000,0.00,Changes: SL:0.00000->4434.22000 TP:0.00000->4635.19000
2026.04.02 08:45:06,2026.04.02 13:45:06,2,CLOSE,274857025,XAUUSD,BUY,0.01,4634.22000,4434.22000,4635.19000,0.91,ClosePrice=4635.19000 | sXAUdow
2026.04.02 09:00:00,2026.04.02 13:59:59,2,OPEN,274900435,XAUUSD,BUY,0.01,4594.40000,0.00000,0.00000,0.00,sXAUdow
2026.04.02 09:00:00,2026.04.02 13:59:59,2,OPEN,274900436,AUDCAD,BUY,0.02,0.95565,0.00000,0.00000,0.00,SHADOW #1
2026.04.02 09:00:01,2026.04.02 14:00:00,2,MODIFY,274900435,XAUUSD,BUY,0.01,4594.40000,4394.40000,4595.37000,0.00,Changes: SL:0.00000->4394.40000 TP:0.00000->4595.37000
2026.04.02 09:00:03,2026.04.02 14:00:02,2,CLOSE,274900435,XAUUSD,BUY,0.01,4594.40000,4394.40000,4595.37000,0.91,ClosePrice=4595.37000 | sXAUdow
2026.04.02 09:00:05,2026.04.02 14:00:05,2,MODIFY,274503543,AUDCAD,BUY,0.01,0.95828,0.75828,0.95692,0.00,Changes: TP:0.95927->0.95692
2026.04.02 09:00:06,2026.04.02 14:00:05,2,MODIFY,274900436,AUDCAD,BUY,0.02,0.95565,0.75828,0.95692,0.00,Changes: SL:0.00000->0.75828 TP:0.00000->0.95692
2026.04.02 09:15:00,2026.04.02 14:14:59,2,OPEN,274940953,XAUUSD,BUY,0.01,4581.01000,0.00000,0.00000,0.00,sXAUdow
2026.04.02 09:15:00,2026.04.02 14:15:00,2,MODIFY,274940953,XAUUSD,BUY,0.01,4581.01000,4381.01000,4581.98000,0.00,Changes: SL:0.00000->4381.01000 TP:0.00000->4581.98000
2026.04.02 09:15:01,2026.04.02 14:15:00,2,OPEN,274941129,GBPUSD,BUY,0.02,1.32034,0.00000,0.00000,0.00,SHADOW #1
2026.04.02 09:15:06,2026.04.02 14:15:06,2,CLOSE,274940953,XAUUSD,BUY,0.01,4581.01000,4381.01000,4581.98000,0.91,ClosePrice=4581.98000 | sXAUdow
2026.04.02 09:15:06,2026.04.02 14:15:06,2,MODIFY,274553663,GBPUSD,BUY,0.01,1.32538,1.12538,1.32239,0.00,Changes: TP:1.32635->1.32239
2026.04.02 09:15:06,2026.04.02 14:15:06,2,MODIFY,274941129,GBPUSD,BUY,0.02,1.32034,1.12538,1.32239,0.00,Changes: SL:0.00000->1.12538 TP:0.00000->1.32239
2026.04.02 09:15:07,2026.04.02 14:15:06,2,OPEN,274941391,EURCAD,BUY,0.02,1.60251,0.00000,0.00000,0.00,SHADOW #1
2026.04.02 09:15:13,2026.04.02 14:15:12,2,MODIFY,274504080,EURCAD,BUY,0.01,1.60654,1.40654,1.60424,0.00,Changes: TP:1.60753->1.60424
2026.04.02 09:15:13,2026.04.02 14:15:12,2,MODIFY,274941391,EURCAD,BUY,0.02,1.60251,1.40654,1.60424,0.00,Changes: SL:0.00000->1.40654 TP:0.00000->1.60424
2026.04.02 09:31:43,2026.04.02 14:31:42,2,OPEN,274969754,EURGBP,SELL,0.01,0.87255,0.00000,0.00000,0.00,SHADOW
2026.04.02 09:31:43,2026.04.02 14:31:43,2,MODIFY,274969754,EURGBP,SELL,0.01,0.87255,1.07255,0.87159,0.00,Changes: SL:0.00000->1.07255 TP:0.00000->0.87159
2026.04.02 09:39:29,2026.04.02 14:39:28,2,CLOSE,274504080,EURCAD,BUY,0.01,1.60654,1.40654,1.60424,-1.72,ClosePrice=1.60424 | SHADOW
2026.04.02 09:39:29,2026.04.02 14:39:28,2,CLOSE,274941391,EURCAD,BUY,0.02,1.60251,1.40654,1.60424,2.37,ClosePrice=1.60424 | SHADOW #1
2026.04.02 09:59:14,2026.04.02 14:59:14,2,CLOSE,274553663,GBPUSD,BUY,0.01,1.32538,1.12538,1.32239,-3.05,ClosePrice=1.32239 | SHADOW
2026.04.02 09:59:14,2026.04.02 14:59:14,2,CLOSE,274941129,GBPUSD,BUY,0.02,1.32034,1.12538,1.32239,3.98,ClosePrice=1.32239 | SHADOW #1
2026.04.02 10:23:22,2026.04.02 15:23:22,2,CLOSE,274503543,AUDCAD,BUY,0.01,0.95828,0.75828,0.95692,-1.04,ClosePrice=0.95692 | SHADOW
2026.04.02 10:23:22,2026.04.02 15:23:22,2,CLOSE,274900436,AUDCAD,BUY,0.02,0.95565,0.75828,0.95692,1.71,ClosePrice=0.95692 | SHADOW #1
